[{
        "user_id": "5edfb8499ca889764b63fee0",
        "user_first_name": "Jefferson",
        "user_last_name": "Greer",
        "user_gender": "male",
        "user_email": "jeffersongreer@helixo.com",
        "user_address": "301 Noll Street, Gloucester, North Dakota, 8285",
        "is_user_logged": true,
        "user_image": "https://cdn.pixabay.com/photo/2013/07/18/10/56/smiley-163510_960_720.jpg"
    },
    {
        "user_id": "5edfb8490a2b138e32f79a20",
        "user_first_name": "Yolanda",
        "user_last_name": "Ewing",
        "user_gender": "female",
        "user_email": "yolandaewing@helixo.com",
        "user_address": "565 Quay Street, Wauhillau, Virginia, 2165",
        "is_user_logged": true,
        "user_image": "https://cdn.pixabay.com/photo/2013/07/18/10/56/smiley-163510_960_720.jpg"
    },
    {
        "user_id": "5edfb849dbdeb7b591ef63f1",
        "user_first_name": "Mcmillan",
        "user_last_name": "Jackson",
        "user_gender": "male",
        "user_email": "mcmillanjackson@helixo.com",
        "user_address": "332 Visitation Place, Cascades, Indiana, 540",
        "is_user_logged": true,
        "user_image": "https://i.pinimg.com/originals/23/83/b8/2383b8c0a126d1d6e45c69e1f1d8c835.png"
    },
    {
        "user_id": "5edfb84900b29661f9498d05",
        "user_first_name": "Gill",
        "user_last_name": "Johnson",
        "user_gender": "male",
        "user_email": "gilljohnson@helixo.com",
        "user_address": "753 Brightwater Court, Smeltertown, Delaware, 8705",
        "is_user_logged": true,
        "user_image": "https://i.pinimg.com/originals/23/83/b8/2383b8c0a126d1d6e45c69e1f1d8c835.png"
    },
    {
        "user_id": "5edfb8495817e4608e472d5f",
        "user_first_name": "Bessie",
        "user_last_name": "Kirk",
        "user_gender": "female",
        "user_email": "bessiekirk@helixo.com",
        "user_address": "185 Tiffany Place, Sultana, Hawaii, 9094",
        "is_user_logged": true,
        "user_image": "https://cdn.pixabay.com/photo/2013/07/18/10/56/smiley-163510_960_720.jpg"
    },
    {
        "user_id": "5edfb849ca92514f985a86b2",
        "user_first_name": "Mayer",
        "user_last_name": "Singleton",
        "user_gender": "male",
        "user_email": "mayersingleton@helixo.com",
        "user_address": "680 Flatlands Avenue, Oasis, Marshall Islands, 7999",
        "is_user_logged": true,
        "user_image": "https://i.pinimg.com/originals/23/83/b8/2383b8c0a126d1d6e45c69e1f1d8c835.png"
    },
    {
        "user_id": "5edfb849707dba678bba4b43",
        "user_first_name": "Snider",
        "user_last_name": "Henson",
        "user_gender": "male",
        "user_email": "sniderhenson@helixo.com",
        "user_address": "932 Barwell Terrace, Bourg, Palau, 3558",
        "is_user_logged": true,
        "user_image": "https://cdn.pixabay.com/photo/2013/07/18/10/56/smiley-163510_960_720.jpg"
    },
    {
        "user_id": "5edfb849ee616a03de03db76",
        "user_first_name": "Dionne",
        "user_last_name": "Barr",
        "user_gender": "female",
        "user_email": "dionnebarr@helixo.com",
        "user_address": "243 Apollo Street, Catharine, Maryland, 3265",
        "is_user_logged": true,
        "user_image": "https://i.pinimg.com/originals/23/83/b8/2383b8c0a126d1d6e45c69e1f1d8c835.png"
    },
    {
        "user_id": "5edfb849cf255d76ee71a33c",
        "user_first_name": "Head",
        "user_last_name": "William",
        "user_gender": "male",
        "user_email": "headwilliam@helixo.com",
        "user_address": "439 Fleet Street, Vivian, Guam, 6254",
        "is_user_logged": true,
        "user_image": "https://cdn.pixabay.com/photo/2013/07/18/10/56/smiley-163510_960_720.jpg"
    },
    {
        "user_id": "5edfb8492ec98ebf93743e44",
        "user_first_name": "Ophelia",
        "user_last_name": "Donaldson",
        "user_gender": "female",
        "user_email": "opheliadonaldson@helixo.com",
        "user_address": "301 Hubbard Place, Fannett, Northern Mariana Islands, 2410",
        "is_user_logged": true,
        "user_image": "https://w7.pngwing.com/pngs/282/737/png-transparent-smiley-emoticon-sunglasses-smiley-miscellaneous-face-smiley.png"
    },
    {
        "user_id": "5edfb849db770485560d5a3c",
        "user_first_name": "Rosanne",
        "user_last_name": "Atkins",
        "user_gender": "female",
        "user_email": "rosanneatkins@helixo.com",
        "user_address": "449 Eagle Street, Choctaw, Idaho, 4563",
        "is_user_logged": true,
        "user_image": "https://i.pinimg.com/originals/23/83/b8/2383b8c0a126d1d6e45c69e1f1d8c835.png"
    },
    {
        "user_id": "5edfb849f7fbdfcc1832e7a7",
        "user_first_name": "Violet",
        "user_last_name": "Hall",
        "user_gender": "female",
        "user_email": "violethall@helixo.com",
        "user_address": "361 Essex Street, Warren, New Mexico, 3858",
        "is_user_logged": true,
        "user_image": "https://cdn.pixabay.com/photo/2013/07/18/10/56/smiley-163510_960_720.jpg"
    },
    {
        "user_id": "5edfb84970cf1d39581099d1",
        "user_first_name": "Juliet",
        "user_last_name": "Blackwell",
        "user_gender": "female",
        "user_email": "julietblackwell@helixo.com",
        "user_address": "706 Jodie Court, Guthrie, Michigan, 6132",
        "is_user_logged": true,
        "user_image": "https://cdn.pixabay.com/photo/2013/07/18/10/56/smiley-163510_960_720.jpg"
    },
    {
        "user_id": "5edfb8496c40cec4e5eefacf",
        "user_first_name": "Nichole",
        "user_last_name": "Coleman",
        "user_gender": "female",
        "user_email": "nicholecoleman@helixo.com",
        "user_address": "403 Ocean Avenue, Bayview, South Dakota, 6382",
        "is_user_logged": true,
        "user_image": "https://i.pinimg.com/originals/23/83/b8/2383b8c0a126d1d6e45c69e1f1d8c835.png"
    },
    {
        "user_id": "5edfb849f4821558e608d82f",
        "user_first_name": "Burnett",
        "user_last_name": "Sears",
        "user_gender": "male",
        "user_email": "burnettsears@helixo.com",
        "user_address": "720 Stillwell Place, Orin, Nevada, 7063",
        "is_user_logged": true,
        "user_image": "https://cdn.pixabay.com/photo/2013/07/18/10/56/smiley-163510_960_720.jpg"
    },
    {
        "user_id": "5edfb84907f1e4d2f20097a0",
        "user_first_name": "Lakeisha",
        "user_last_name": "Mcintyre",
        "user_gender": "female",
        "user_email": "lakeishamcintyre@helixo.com",
        "user_address": "546 Albemarle Road, Johnsonburg, Oregon, 6339",
        "is_user_logged": true,
        "user_image": "https://cdn.pixabay.com/photo/2013/07/18/10/56/smiley-163510_960_720.jpg"
    },
    {
        "user_id": "5edfb84943642e81abe9f6fa",
        "user_first_name": "Haley",
        "user_last_name": "Suarez",
        "user_gender": "female",
        "user_email": "haleysuarez@helixo.com",
        "user_address": "997 Front Street, Fairlee, Wyoming, 818",
        "is_user_logged": true,
        "user_image": "https://w7.pngwing.com/pngs/282/737/png-transparent-smiley-emoticon-sunglasses-smiley-miscellaneous-face-smiley.png"
    },
    {
        "user_id": "5edfb84984d1d58408da8e8b",
        "user_first_name": "Gregory",
        "user_last_name": "Durham",
        "user_gender": "male",
        "user_email": "gregorydurham@helixo.com",
        "user_address": "762 Highland Avenue, Sena, Kansas, 8552",
        "is_user_logged": true,
        "user_image": "https://w7.pngwing.com/pngs/282/737/png-transparent-smiley-emoticon-sunglasses-smiley-miscellaneous-face-smiley.png"
    },
    {
        "user_id": "5edfb849394ad7ce7c597240",
        "user_first_name": "Harrell",
        "user_last_name": "Nichols",
        "user_gender": "male",
        "user_email": "harrellnichols@helixo.com",
        "user_address": "654 Radde Place, Ona, Alaska, 2259",
        "is_user_logged": true,
        "user_image": "https://w7.pngwing.com/pngs/282/737/png-transparent-smiley-emoticon-sunglasses-smiley-miscellaneous-face-smiley.png"
    },
    {
        "user_id": "5edfb849dedec3ed4e34e9a7",
        "user_first_name": "Jan",
        "user_last_name": "Burgess",
        "user_gender": "female",
        "user_email": "janburgess@helixo.com",
        "user_address": "168 Nixon Court, Hannasville, California, 1351",
        "is_user_logged": true,
        "user_image": "https://cdn.pixabay.com/photo/2013/07/18/10/56/smiley-163510_960_720.jpg"
    },
    {
        "user_id": "5edfb849835651e5d36ce114",
        "user_first_name": "Catherine",
        "user_last_name": "Mack",
        "user_gender": "female",
        "user_email": "catherinemack@helixo.com",
        "user_address": "735 Clifton Place, Flintville, Minnesota, 1006",
        "is_user_logged": true,
        "user_image": "https://i.pinimg.com/originals/23/83/b8/2383b8c0a126d1d6e45c69e1f1d8c835.png"
    },
    {
        "user_id": "5edfb8494a0082ce5059c7fb",
        "user_first_name": "Jessie",
        "user_last_name": "Jenkins",
        "user_gender": "female",
        "user_email": "jessiejenkins@helixo.com",
        "user_address": "942 Rutland Road, Wadsworth, Arkansas, 4926",
        "is_user_logged": true,
        "user_image": "https://i.pinimg.com/originals/23/83/b8/2383b8c0a126d1d6e45c69e1f1d8c835.png"
    },
    {
        "user_id": "5edfb8495d432bb0922dcc0e",
        "user_first_name": "Fulton",
        "user_last_name": "Sawyer",
        "user_gender": "male",
        "user_email": "fultonsawyer@helixo.com",
        "user_address": "211 Lee Avenue, Riceville, Florida, 6496",
        "is_user_logged": true,
        "user_image": "https://cdn.pixabay.com/photo/2013/07/18/10/56/smiley-163510_960_720.jpg"
    },
    {
        "user_id": "5edfb84913ed7d1d43bfa8ea",
        "user_first_name": "Julianne",
        "user_last_name": "Smith",
        "user_gender": "female",
        "user_email": "juliannesmith@helixo.com",
        "user_address": "402 Berry Street, Belgreen, Georgia, 1277",
        "is_user_logged": true,
        "user_image": "https://cdn.pixabay.com/photo/2013/07/18/10/56/smiley-163510_960_720.jpg"
    },
    {
        "user_id": "5edfb849854f8f2382226048",
        "user_first_name": "Cherie",
        "user_last_name": "Sampson",
        "user_gender": "female",
        "user_email": "cheriesampson@helixo.com",
        "user_address": "440 Jewel Street, Calvary, Louisiana, 2826",
        "is_user_logged": true,
        "user_image": "https://w7.pngwing.com/pngs/282/737/png-transparent-smiley-emoticon-sunglasses-smiley-miscellaneous-face-smiley.png"
    },
    {
        "user_id": "5edfb84933d1ebd4539425bc",
        "user_first_name": "Deanna",
        "user_last_name": "Black",
        "user_gender": "female",
        "user_email": "deannablack@helixo.com",
        "user_address": "517 College Place, Hardyville, Missouri, 4015",
        "is_user_logged": true,
        "user_image": "https://cdn.pixabay.com/photo/2013/07/18/10/56/smiley-163510_960_720.jpg"
    },
    {
        "user_id": "5edfb84920e548e593b545b7",
        "user_first_name": "Zamora",
        "user_last_name": "Leon",
        "user_gender": "male",
        "user_email": "zamoraleon@helixo.com",
        "user_address": "459 Atlantic Avenue, Chestnut, Alabama, 4922",
        "is_user_logged": true,
        "user_image": "https://cdn.pixabay.com/photo/2013/07/18/10/56/smiley-163510_960_720.jpg"
    },
    {
        "user_id": "5edfb84951b0a58ed80ba4dc",
        "user_first_name": "Hopkins",
        "user_last_name": "Payne",
        "user_gender": "male",
        "user_email": "hopkinspayne@helixo.com",
        "user_address": "189 Nichols Avenue, Concho, New York, 1222",
        "is_user_logged": true,
        "user_image": "https://w7.pngwing.com/pngs/282/737/png-transparent-smiley-emoticon-sunglasses-smiley-miscellaneous-face-smiley.png"
    },
    {
        "user_id": "5edfb84951c096172c5237e7",
        "user_first_name": "Nita",
        "user_last_name": "Allison",
        "user_gender": "female",
        "user_email": "nitaallison@helixo.com",
        "user_address": "330 Lloyd Street, Ypsilanti, Kentucky, 2901",
        "is_user_logged": true,
        "user_image": "https://i.pinimg.com/originals/23/83/b8/2383b8c0a126d1d6e45c69e1f1d8c835.png"
    },
    {
        "user_id": "5edfb849a1adac069b1e9730",
        "user_first_name": "Cherry",
        "user_last_name": "Mckee",
        "user_gender": "male",
        "user_email": "cherrymckee@helixo.com",
        "user_address": "622 Lott Street, Ruckersville, Virgin Islands, 3805",
        "is_user_logged": true,
        "user_image": "https://cdn.pixabay.com/photo/2013/07/18/10/56/smiley-163510_960_720.jpg"
    },
    {
        "user_id": "5edfb849c2533466c603a594",
        "user_first_name": "Esmeralda",
        "user_last_name": "Norris",
        "user_gender": "female",
        "user_email": "esmeraldanorris@helixo.com",
        "user_address": "778 Karweg Place, Lydia, North Carolina, 651",
        "is_user_logged": true,
        "user_image": "https://i.pinimg.com/originals/23/83/b8/2383b8c0a126d1d6e45c69e1f1d8c835.png"
    },
    {
        "user_id": "5edfb849abeef1e4829cdd11",
        "user_first_name": "Clements",
        "user_last_name": "Mccray",
        "user_gender": "male",
        "user_email": "clementsmccray@helixo.com",
        "user_address": "173 Jamison Lane, Brandermill, Washington, 4177",
        "is_user_logged": true,
        "user_image": "https://cdn.pixabay.com/photo/2013/07/18/10/56/smiley-163510_960_720.jpg"
    },
    {
        "user_id": "5edfb84901b004f50ad7980f",
        "user_first_name": "Krista",
        "user_last_name": "Howe",
        "user_gender": "female",
        "user_email": "kristahowe@helixo.com",
        "user_address": "645 Prescott Place, Juntura, Colorado, 7655",
        "is_user_logged": true,
        "user_image": "https://i.pinimg.com/originals/23/83/b8/2383b8c0a126d1d6e45c69e1f1d8c835.png"
    },
    {
        "user_id": "5edfb849ff3fd3ad29185a7e",
        "user_first_name": "Cameron",
        "user_last_name": "Griffith",
        "user_gender": "male",
        "user_email": "camerongriffith@helixo.com",
        "user_address": "703 Turner Place, Westboro, Maine, 5448",
        "is_user_logged": true,
        "user_image": "https://i.pinimg.com/originals/23/83/b8/2383b8c0a126d1d6e45c69e1f1d8c835.png"
    },
    {
        "user_id": "5edfb84995c1c9ad170d47db",
        "user_first_name": "Nelda",
        "user_last_name": "Christensen",
        "user_gender": "female",
        "user_email": "neldachristensen@helixo.com",
        "user_address": "214 Blake Court, Caspar, Mississippi, 6877",
        "is_user_logged": true,
        "user_image": "https://cdn.pixabay.com/photo/2013/07/18/10/56/smiley-163510_960_720.jpg"
    },
    {
        "user_id": "5edfb8497c6d38bcdb20d8bf",
        "user_first_name": "Lucille",
        "user_last_name": "Carroll",
        "user_gender": "female",
        "user_email": "lucillecarroll@helixo.com",
        "user_address": "984 Vandervoort Avenue, Dixie, Federated States Of Micronesia, 7790",
        "is_user_logged": true,
        "user_image": "https://i.pinimg.com/originals/23/83/b8/2383b8c0a126d1d6e45c69e1f1d8c835.png"
    },
    {
        "user_id": "5edfb849cd101467aa9b5e18",
        "user_first_name": "Bettye",
        "user_last_name": "Becker",
        "user_gender": "female",
        "user_email": "bettyebecker@helixo.com",
        "user_address": "741 Bleecker Street, Conestoga, Iowa, 4125",
        "is_user_logged": true,
        "user_image": "https://cdn.pixabay.com/photo/2013/07/18/10/56/smiley-163510_960_720.jpg"
    },
    {
        "user_id": "5edfb8492b8b497b1bea02a3",
        "user_first_name": "Flossie",
        "user_last_name": "Bean",
        "user_gender": "female",
        "user_email": "flossiebean@helixo.com",
        "user_address": "750 Vanderbilt Avenue, Cassel, Wisconsin, 4655",
        "is_user_logged": true,
        "user_image": "https://i.pinimg.com/originals/23/83/b8/2383b8c0a126d1d6e45c69e1f1d8c835.png"
    },
    {
        "user_id": "5edfb8490f70dfa0166b14a2",
        "user_first_name": "Tonya",
        "user_last_name": "Wood",
        "user_gender": "female",
        "user_email": "tonyawood@helixo.com",
        "user_address": "988 McKibbin Street, Rote, Ohio, 6461",
        "is_user_logged": true,
        "user_image": "https://cdn.pixabay.com/photo/2013/07/18/10/56/smiley-163510_960_720.jpg"
    },
    {
        "user_id": "5edfb8494b3a319a9d3c2f13",
        "user_first_name": "Shana",
        "user_last_name": "Cantu",
        "user_gender": "female",
        "user_email": "shanacantu@helixo.com",
        "user_address": "453 Waldorf Court, Guilford, Texas, 6198",
        "is_user_logged": true,
        "user_image": "https://i.pinimg.com/originals/23/83/b8/2383b8c0a126d1d6e45c69e1f1d8c835.png"
    },
    {
        "user_id": "5edfb84958843b2874bfd181",
        "user_first_name": "Kinney",
        "user_last_name": "Hess",
        "user_gender": "male",
        "user_email": "kinneyhess@helixo.com",
        "user_address": "199 John Street, Glendale, District Of Columbia, 4489",
        "is_user_logged": true,
        "user_image": "https://i.pinimg.com/originals/23/83/b8/2383b8c0a126d1d6e45c69e1f1d8c835.png"
    },
    {
        "user_id": "5edfb849dc009277deae4ff2",
        "user_first_name": "Jayne",
        "user_last_name": "Sosa",
        "user_gender": "female",
        "user_email": "jaynesosa@helixo.com",
        "user_address": "744 Kingsland Avenue, Sutton, Illinois, 5682",
        "is_user_logged": true,
        "user_image": "https://cdn.pixabay.com/photo/2013/07/18/10/56/smiley-163510_960_720.jpg"
    },
    {
        "user_id": "5edfb84901bc663f2a8cb7ad",
        "user_first_name": "Lauren",
        "user_last_name": "Dean",
        "user_gender": "female",
        "user_email": "laurendean@helixo.com",
        "user_address": "140 Brown Street, Collins, Connecticut, 6145",
        "is_user_logged": true,
        "user_image": "https://cdn.pixabay.com/photo/2013/07/18/10/56/smiley-163510_960_720.jpg"
    },
    {
        "user_id": "5edfb849d575c91998fe354e",
        "user_first_name": "Lacey",
        "user_last_name": "Wells",
        "user_gender": "female",
        "user_email": "laceywells@helixo.com",
        "user_address": "555 Tennis Court, Floriston, Puerto Rico, 6125",
        "is_user_logged": true,
        "user_image": "https://w7.pngwing.com/pngs/282/737/png-transparent-smiley-emoticon-sunglasses-smiley-miscellaneous-face-smiley.png"
    },
    {
        "user_id": "5edfb8493611e436f292173c",
        "user_first_name": "Hensley",
        "user_last_name": "Moon",
        "user_gender": "male",
        "user_email": "hensleymoon@helixo.com",
        "user_address": "646 Madison Street, Advance, Vermont, 4100",
        "is_user_logged": true,
        "user_image": "https://i.pinimg.com/originals/23/83/b8/2383b8c0a126d1d6e45c69e1f1d8c835.png"
    },
    {
        "user_id": "5edfb849eeabd45c7985b929",
        "user_first_name": "Jenny",
        "user_last_name": "Hoover",
        "user_gender": "female",
        "user_email": "jennyhoover@helixo.com",
        "user_address": "251 Colby Court, Villarreal, Rhode Island, 8205",
        "is_user_logged": true,
        "user_image": "https://w7.pngwing.com/pngs/282/737/png-transparent-smiley-emoticon-sunglasses-smiley-miscellaneous-face-smiley.png"
    },
    {
        "user_id": "5edfb8498627735eff3c2291",
        "user_first_name": "Victoria",
        "user_last_name": "Mayer",
        "user_gender": "female",
        "user_email": "victoriamayer@helixo.com",
        "user_address": "564 Livonia Avenue, Harrodsburg, New Jersey, 9037",
        "is_user_logged": true,
        "user_image": "https://w7.pngwing.com/pngs/282/737/png-transparent-smiley-emoticon-sunglasses-smiley-miscellaneous-face-smiley.png"
    },
    {
        "user_id": "5edfb8499832d4243cc17533",
        "user_first_name": "Terra",
        "user_last_name": "Fuentes",
        "user_gender": "female",
        "user_email": "terrafuentes@helixo.com",
        "user_address": "996 Bayview Avenue, Garberville, Nebraska, 4314",
        "is_user_logged": true,
        "user_image": "https://i.pinimg.com/originals/23/83/b8/2383b8c0a126d1d6e45c69e1f1d8c835.png"
    },
    {
        "user_id": "5edfb8493e66d2c2fca07e69",
        "user_first_name": "Mccormick",
        "user_last_name": "Cardenas",
        "user_gender": "male",
        "user_email": "mccormickcardenas@helixo.com",
        "user_address": "183 Schenck Street, Goochland, New Hampshire, 4210",
        "is_user_logged": true,
        "user_image": "https://w7.pngwing.com/pngs/282/737/png-transparent-smiley-emoticon-sunglasses-smiley-miscellaneous-face-smiley.png"
    },
    {
        "user_id": "5edfb8499a7b6bd7998fe6b0",
        "user_first_name": "Priscilla",
        "user_last_name": "Bentley",
        "user_gender": "female",
        "user_email": "priscillabentley@helixo.com",
        "user_address": "418 Dodworth Street, Southmont, Utah, 5212",
        "is_user_logged": true,
        "user_image": "https://cdn.pixabay.com/photo/2013/07/18/10/56/smiley-163510_960_720.jpg"
    },
    {
        "user_id": "5edfb849f9e0da6937689dda",
        "user_first_name": "Trevino",
        "user_last_name": "Morales",
        "user_gender": "male",
        "user_email": "trevinomorales@helixo.com",
        "user_address": "803 Hendrickson Place, Marne, Oklahoma, 1589",
        "is_user_logged": true,
        "user_image": "https://cdn.pixabay.com/photo/2013/07/18/10/56/smiley-163510_960_720.jpg"
    },
    {
        "user_id": "5edfb849a72a3e2a62343c98",
        "user_first_name": "Parsons",
        "user_last_name": "Mendez",
        "user_gender": "male",
        "user_email": "parsonsmendez@helixo.com",
        "user_address": "419 Sedgwick Place, Marysville, American Samoa, 8631",
        "is_user_logged": true,
        "user_image": "https://w7.pngwing.com/pngs/282/737/png-transparent-smiley-emoticon-sunglasses-smiley-miscellaneous-face-smiley.png"
    },
    {
        "user_id": "5edfb849617baca9a16a88ef",
        "user_first_name": "Lloyd",
        "user_last_name": "Miller",
        "user_gender": "male",
        "user_email": "lloydmiller@helixo.com",
        "user_address": "152 Neptune Court, Moraida, Massachusetts, 1729",
        "is_user_logged": true,
        "user_image": "https://w7.pngwing.com/pngs/282/737/png-transparent-smiley-emoticon-sunglasses-smiley-miscellaneous-face-smiley.png"
    },
    {
        "user_id": "5edfb849d790c9e86614825f",
        "user_first_name": "Schneider",
        "user_last_name": "Doyle",
        "user_gender": "male",
        "user_email": "schneiderdoyle@helixo.com",
        "user_address": "952 Bushwick Avenue, Staples, Arizona, 1872",
        "is_user_logged": true,
        "user_image": "https://cdn.pixabay.com/photo/2013/07/18/10/56/smiley-163510_960_720.jpg"
    },
    {
        "user_id": "5edfb84903212352084be15c",
        "user_first_name": "Natalie",
        "user_last_name": "Mcknight",
        "user_gender": "female",
        "user_email": "nataliemcknight@helixo.com",
        "user_address": "415 Judge Street, Norfolk, South Carolina, 108",
        "is_user_logged": true,
        "user_image": "https://cdn.pixabay.com/photo/2013/07/18/10/56/smiley-163510_960_720.jpg"
    },
    {
        "user_id": "5edfb8495be867e68301fa81",
        "user_first_name": "Miranda",
        "user_last_name": "Robinson",
        "user_gender": "female",
        "user_email": "mirandarobinson@helixo.com",
        "user_address": "988 Cyrus Avenue, Norvelt, West Virginia, 9629",
        "is_user_logged": true,
        "user_image": "https://i.pinimg.com/originals/23/83/b8/2383b8c0a126d1d6e45c69e1f1d8c835.png"
    },
    {
        "user_id": "5edfb8492f5e503491314e28",
        "user_first_name": "Calhoun",
        "user_last_name": "Padilla",
        "user_gender": "male",
        "user_email": "calhounpadilla@helixo.com",
        "user_address": "876 Moore Place, Fairacres, Montana, 4309",
        "is_user_logged": true,
        "user_image": "https://w7.pngwing.com/pngs/282/737/png-transparent-smiley-emoticon-sunglasses-smiley-miscellaneous-face-smiley.png"
    },
    {
        "user_id": "5edfb849d7c48d6e72588855",
        "user_first_name": "Shawna",
        "user_last_name": "Norton",
        "user_gender": "female",
        "user_email": "shawnanorton@helixo.com",
        "user_address": "928 Vermont Street, Gasquet, Pennsylvania, 371",
        "is_user_logged": true,
        "user_image": "https://cdn.pixabay.com/photo/2013/07/18/10/56/smiley-163510_960_720.jpg"
    },
    {
        "user_id": "5edfb8499d1d436608d72bbe",
        "user_first_name": "Dorsey",
        "user_last_name": "Flores",
        "user_gender": "male",
        "user_email": "dorseyflores@helixo.com",
        "user_address": "967 Poplar Street, Buxton, North Dakota, 7612",
        "is_user_logged": true,
        "user_image": "https://w7.pngwing.com/pngs/282/737/png-transparent-smiley-emoticon-sunglasses-smiley-miscellaneous-face-smiley.png"
    },
    {
        "user_id": "5edfb849824e33dbabca10e4",
        "user_first_name": "Socorro",
        "user_last_name": "Livingston",
        "user_gender": "female",
        "user_email": "socorrolivingston@helixo.com",
        "user_address": "987 Pineapple Street, Brookfield, Virginia, 2497",
        "is_user_logged": true,
        "user_image": "https://w7.pngwing.com/pngs/282/737/png-transparent-smiley-emoticon-sunglasses-smiley-miscellaneous-face-smiley.png"
    },
    {
        "user_id": "5edfb849025357d76e6f319e",
        "user_first_name": "Aisha",
        "user_last_name": "Dale",
        "user_gender": "female",
        "user_email": "aishadale@helixo.com",
        "user_address": "173 Pacific Street, Sharon, Indiana, 2971",
        "is_user_logged": true,
        "user_image": "https://i.pinimg.com/originals/23/83/b8/2383b8c0a126d1d6e45c69e1f1d8c835.png"
    },
    {
        "user_id": "5edfb8498eb9f2d18e7b3138",
        "user_first_name": "Jeanine",
        "user_last_name": "Pearson",
        "user_gender": "female",
        "user_email": "jeaninepearson@helixo.com",
        "user_address": "697 Jardine Place, Shasta, Delaware, 4813",
        "is_user_logged": true,
        "user_image": "https://i.pinimg.com/originals/23/83/b8/2383b8c0a126d1d6e45c69e1f1d8c835.png"
    },
    {
        "user_id": "5edfb849a1eed9c3e817ffb9",
        "user_first_name": "Moody",
        "user_last_name": "Frye",
        "user_gender": "male",
        "user_email": "moodyfrye@helixo.com",
        "user_address": "638 Indiana Place, Florence, Hawaii, 315",
        "is_user_logged": true,
        "user_image": "https://cdn.pixabay.com/photo/2013/07/18/10/56/smiley-163510_960_720.jpg"
    },
    {
        "user_id": "5edfb849b3262054f2dbc536",
        "user_first_name": "Estella",
        "user_last_name": "Bradford",
        "user_gender": "female",
        "user_email": "estellabradford@helixo.com",
        "user_address": "603 Dumont Avenue, Dubois, Marshall Islands, 7592",
        "is_user_logged": true,
        "user_image": "https://w7.pngwing.com/pngs/282/737/png-transparent-smiley-emoticon-sunglasses-smiley-miscellaneous-face-smiley.png"
    },
    {
        "user_id": "5edfb849908effba957e9103",
        "user_first_name": "Ofelia",
        "user_last_name": "Olson",
        "user_gender": "female",
        "user_email": "ofeliaolson@helixo.com",
        "user_address": "315 Cedar Street, Fidelis, Palau, 527",
        "is_user_logged": true,
        "user_image": "https://cdn.pixabay.com/photo/2013/07/18/10/56/smiley-163510_960_720.jpg"
    },
    {
        "user_id": "5edfb849dbedb826322f96e6",
        "user_first_name": "Brock",
        "user_last_name": "Tate",
        "user_gender": "male",
        "user_email": "brocktate@helixo.com",
        "user_address": "209 Wilson Street, Martell, Maryland, 580",
        "is_user_logged": true,
        "user_image": "https://cdn.pixabay.com/photo/2013/07/18/10/56/smiley-163510_960_720.jpg"
    },
    {
        "user_id": "5edfb84993cfd89664e5f13b",
        "user_first_name": "Corina",
        "user_last_name": "Curtis",
        "user_gender": "female",
        "user_email": "corinacurtis@helixo.com",
        "user_address": "242 Newkirk Placez, Cowiche, Guam, 2741",
        "is_user_logged": true,
        "user_image": "https://cdn.pixabay.com/photo/2013/07/18/10/56/smiley-163510_960_720.jpg"
    },
    {
        "user_id": "5edfb8490fbd2196711905de",
        "user_first_name": "Mcconnell",
        "user_last_name": "George",
        "user_gender": "male",
        "user_email": "mcconnellgeorge@helixo.com",
        "user_address": "754 Knapp Street, Devon, Northern Mariana Islands, 5486",
        "is_user_logged": true,
        "user_image": "https://i.pinimg.com/originals/23/83/b8/2383b8c0a126d1d6e45c69e1f1d8c835.png"
    },
    {
        "user_id": "5edfb8493e772ecd94a723b2",
        "user_first_name": "Enid",
        "user_last_name": "Bond",
        "user_gender": "female",
        "user_email": "enidbond@helixo.com",
        "user_address": "444 Wakeman Place, Tuttle, Idaho, 6974",
        "is_user_logged": true,
        "user_image": "https://cdn.pixabay.com/photo/2013/07/18/10/56/smiley-163510_960_720.jpg"
    },
    {
        "user_id": "5edfb849f06474fc15fd8844",
        "user_first_name": "Duncan",
        "user_last_name": "Estes",
        "user_gender": "male",
        "user_email": "duncanestes@helixo.com",
        "user_address": "414 Dank Court, Thermal, New Mexico, 2792",
        "is_user_logged": true,
        "user_image": "https://i.pinimg.com/originals/23/83/b8/2383b8c0a126d1d6e45c69e1f1d8c835.png"
    },
    {
        "user_id": "5edfb8492a047d7e086f7820",
        "user_first_name": "Roseann",
        "user_last_name": "Boyle",
        "user_gender": "female",
        "user_email": "roseannboyle@helixo.com",
        "user_address": "968 Alton Place, Sidman, Michigan, 2134",
        "is_user_logged": true,
        "user_image": "https://i.pinimg.com/originals/23/83/b8/2383b8c0a126d1d6e45c69e1f1d8c835.png"
    },
    {
        "user_id": "5edfb849ea9277f08832648e",
        "user_first_name": "Olsen",
        "user_last_name": "Snow",
        "user_gender": "male",
        "user_email": "olsensnow@helixo.com",
        "user_address": "180 Bushwick Place, Aguila, South Dakota, 2655",
        "is_user_logged": true,
        "user_image": "https://i.pinimg.com/originals/23/83/b8/2383b8c0a126d1d6e45c69e1f1d8c835.png"
    },
    {
        "user_id": "5edfb8498732d19ffaccd097",
        "user_first_name": "Isabelle",
        "user_last_name": "Quinn",
        "user_gender": "female",
        "user_email": "isabellequinn@helixo.com",
        "user_address": "344 Chase Court, Movico, Nevada, 4822",
        "is_user_logged": true,
        "user_image": "https://i.pinimg.com/originals/23/83/b8/2383b8c0a126d1d6e45c69e1f1d8c835.png"
    },
    {
        "user_id": "5edfb8490b9ad527342e6e3a",
        "user_first_name": "Candice",
        "user_last_name": "Fleming",
        "user_gender": "female",
        "user_email": "candicefleming@helixo.com",
        "user_address": "782 Sheffield Avenue, Hollins, Oregon, 7093",
        "is_user_logged": true,
        "user_image": "https://w7.pngwing.com/pngs/282/737/png-transparent-smiley-emoticon-sunglasses-smiley-miscellaneous-face-smiley.png"
    },
    {
        "user_id": "5edfb849f8f58d8253ffe06e",
        "user_first_name": "Marilyn",
        "user_last_name": "Wilkins",
        "user_gender": "female",
        "user_email": "marilynwilkins@helixo.com",
        "user_address": "330 Middagh Street, Farmington, Wyoming, 4394",
        "is_user_logged": true,
        "user_image": "https://i.pinimg.com/originals/23/83/b8/2383b8c0a126d1d6e45c69e1f1d8c835.png"
    },
    {
        "user_id": "5edfb8490f19b05bbe2fd64f",
        "user_first_name": "Stevenson",
        "user_last_name": "Stanley",
        "user_gender": "male",
        "user_email": "stevensonstanley@helixo.com",
        "user_address": "154 Oliver Street, Epworth, Kansas, 3343",
        "is_user_logged": true,
        "user_image": "https://w7.pngwing.com/pngs/282/737/png-transparent-smiley-emoticon-sunglasses-smiley-miscellaneous-face-smiley.png"
    },
    {
        "user_id": "5edfb8497c0ebd63ed862402",
        "user_first_name": "Terry",
        "user_last_name": "Collier",
        "user_gender": "female",
        "user_email": "terrycollier@helixo.com",
        "user_address": "538 Elliott Walk, Drummond, Alaska, 6718",
        "is_user_logged": true,
        "user_image": "https://cdn.pixabay.com/photo/2013/07/18/10/56/smiley-163510_960_720.jpg"
    },
    {
        "user_id": "5edfb849a32f9cc62e291001",
        "user_first_name": "Eileen",
        "user_last_name": "Washington",
        "user_gender": "female",
        "user_email": "eileenwashington@helixo.com",
        "user_address": "883 Harwood Place, Roulette, California, 5221",
        "is_user_logged": true,
        "user_image": "https://i.pinimg.com/originals/23/83/b8/2383b8c0a126d1d6e45c69e1f1d8c835.png"
    },
    {
        "user_id": "5edfb849bc87f21677f16376",
        "user_first_name": "Althea",
        "user_last_name": "Clayton",
        "user_gender": "female",
        "user_email": "altheaclayton@helixo.com",
        "user_address": "777 Woodruff Avenue, Roeville, Minnesota, 3859",
        "is_user_logged": true,
        "user_image": "https://i.pinimg.com/originals/23/83/b8/2383b8c0a126d1d6e45c69e1f1d8c835.png"
    },
    {
        "user_id": "5edfb8493809bdad7e32eb0c",
        "user_first_name": "Ray",
        "user_last_name": "Mcneil",
        "user_gender": "male",
        "user_email": "raymcneil@helixo.com",
        "user_address": "914 Times Placez, Jacumba, Arkansas, 252",
        "is_user_logged": true,
        "user_image": "https://i.pinimg.com/originals/23/83/b8/2383b8c0a126d1d6e45c69e1f1d8c835.png"
    },
    {
        "user_id": "5edfb8497ef4831b7fd43f21",
        "user_first_name": "Marshall",
        "user_last_name": "Cox",
        "user_gender": "male",
        "user_email": "marshallcox@helixo.com",
        "user_address": "664 Wallabout Street, Barclay, Florida, 1756",
        "is_user_logged": true,
        "user_image": "https://i.pinimg.com/originals/23/83/b8/2383b8c0a126d1d6e45c69e1f1d8c835.png"
    },
    {
        "user_id": "5edfb84990655dc2964340f9",
        "user_first_name": "Francisca",
        "user_last_name": "Mclean",
        "user_gender": "female",
        "user_email": "franciscamclean@helixo.com",
        "user_address": "865 Maujer Street, Colton, Georgia, 3052",
        "is_user_logged": true,
        "user_image": "https://w7.pngwing.com/pngs/282/737/png-transparent-smiley-emoticon-sunglasses-smiley-miscellaneous-face-smiley.png"
    },
    {
        "user_id": "5edfb84941cd38194e0e6b61",
        "user_first_name": "Elvia",
        "user_last_name": "Harper",
        "user_gender": "female",
        "user_email": "elviaharper@helixo.com",
        "user_address": "810 Anchorage Place, Robinson, Louisiana, 4300",
        "is_user_logged": true,
        "user_image": "https://cdn.pixabay.com/photo/2013/07/18/10/56/smiley-163510_960_720.jpg"
    },
    {
        "user_id": "5edfb849a3cea2079bc8ae1f",
        "user_first_name": "Lidia",
        "user_last_name": "Rose",
        "user_gender": "female",
        "user_email": "lidiarose@helixo.com",
        "user_address": "871 Sedgwick Street, Roland, Missouri, 9759",
        "is_user_logged": true,
        "user_image": "https://cdn.pixabay.com/photo/2013/07/18/10/56/smiley-163510_960_720.jpg"
    },
    {
        "user_id": "5edfb849b6a2a8baae91572a",
        "user_first_name": "Nolan",
        "user_last_name": "Haley",
        "user_gender": "male",
        "user_email": "nolanhaley@helixo.com",
        "user_address": "935 Lott Place, Accoville, Alabama, 8802",
        "is_user_logged": true,
        "user_image": "https://w7.pngwing.com/pngs/282/737/png-transparent-smiley-emoticon-sunglasses-smiley-miscellaneous-face-smiley.png"
    },
    {
        "user_id": "5edfb8493a0cfd748c5ca5fe",
        "user_first_name": "Elisa",
        "user_last_name": "Garcia",
        "user_gender": "female",
        "user_email": "elisagarcia@helixo.com",
        "user_address": "834 Ruby Street, Macdona, New York, 7390",
        "is_user_logged": true,
        "user_image": "https://w7.pngwing.com/pngs/282/737/png-transparent-smiley-emoticon-sunglasses-smiley-miscellaneous-face-smiley.png"
    },
    {
        "user_id": "5edfb84967b73d228666a667",
        "user_first_name": "Laurel",
        "user_last_name": "Holder",
        "user_gender": "female",
        "user_email": "laurelholder@helixo.com",
        "user_address": "909 Homecrest Avenue, Coldiron, Kentucky, 1991",
        "is_user_logged": true,
        "user_image": "https://i.pinimg.com/originals/23/83/b8/2383b8c0a126d1d6e45c69e1f1d8c835.png"
    },
    {
        "user_id": "5edfb849d1fa958872b939f0",
        "user_first_name": "Jasmine",
        "user_last_name": "Richards",
        "user_gender": "female",
        "user_email": "jasminerichards@helixo.com",
        "user_address": "846 Rockaway Parkway, Lemoyne, Virgin Islands, 5894",
        "is_user_logged": true,
        "user_image": "https://cdn.pixabay.com/photo/2013/07/18/10/56/smiley-163510_960_720.jpg"
    },
    {
        "user_id": "5edfb849ad0eb7ad3ba81bb3",
        "user_first_name": "Herrera",
        "user_last_name": "Snider",
        "user_gender": "male",
        "user_email": "herrerasnider@helixo.com",
        "user_address": "646 Dean Street, Soham, North Carolina, 2201",
        "is_user_logged": true,
        "user_image": "https://cdn.pixabay.com/photo/2013/07/18/10/56/smiley-163510_960_720.jpg"
    },
    {
        "user_id": "5edfb84986b93753d0b474c9",
        "user_first_name": "Cornelia",
        "user_last_name": "Fitzpatrick",
        "user_gender": "female",
        "user_email": "corneliafitzpatrick@helixo.com",
        "user_address": "585 Quentin Street, Outlook, Washington, 1033",
        "is_user_logged": true,
        "user_image": "https://cdn.pixabay.com/photo/2013/07/18/10/56/smiley-163510_960_720.jpg"
    },
    {
        "user_id": "5edfb84953782006aeb871a6",
        "user_first_name": "Doreen",
        "user_last_name": "Mckinney",
        "user_gender": "female",
        "user_email": "doreenmckinney@helixo.com",
        "user_address": "913 Seigel Court, Shelby, Colorado, 1680",
        "is_user_logged": true,
        "user_image": "https://i.pinimg.com/originals/23/83/b8/2383b8c0a126d1d6e45c69e1f1d8c835.png"
    },
    {
        "user_id": "5edfb849903f7b908d83fa9e",
        "user_first_name": "Reyes",
        "user_last_name": "Hahn",
        "user_gender": "male",
        "user_email": "reyeshahn@helixo.com",
        "user_address": "367 Canarsie Road, Genoa, Maine, 6939",
        "is_user_logged": true,
        "user_image": "https://w7.pngwing.com/pngs/282/737/png-transparent-smiley-emoticon-sunglasses-smiley-miscellaneous-face-smiley.png"
    },
    {
        "user_id": "5edfb849a49e9a1a8d708094",
        "user_first_name": "Montoya",
        "user_last_name": "Page",
        "user_gender": "male",
        "user_email": "montoyapage@helixo.com",
        "user_address": "721 Cypress Avenue, Kylertown, Mississippi, 1486",
        "is_user_logged": true,
        "user_image": "https://i.pinimg.com/originals/23/83/b8/2383b8c0a126d1d6e45c69e1f1d8c835.png"
    },
    {
        "user_id": "5edfb8498aed0647e84ff310",
        "user_first_name": "Crane",
        "user_last_name": "Ramirez",
        "user_gender": "male",
        "user_email": "craneramirez@helixo.com",
        "user_address": "140 Knickerbocker Avenue, Tedrow, Federated States Of Micronesia, 2132",
        "is_user_logged": true,
        "user_image": "https://w7.pngwing.com/pngs/282/737/png-transparent-smiley-emoticon-sunglasses-smiley-miscellaneous-face-smiley.png"
    },
    {
        "user_id": "5edfb8497db3f47d3e4129bb",
        "user_first_name": "Diaz",
        "user_last_name": "Reeves",
        "user_gender": "male",
        "user_email": "diazreeves@helixo.com",
        "user_address": "371 Perry Terrace, Blairstown, Iowa, 3051",
        "is_user_logged": true,
        "user_image": "https://w7.pngwing.com/pngs/282/737/png-transparent-smiley-emoticon-sunglasses-smiley-miscellaneous-face-smiley.png"
    },
    {
        "user_id": "5edfb8497e319bfd2a41c63f",
        "user_first_name": "Isabel",
        "user_last_name": "Duncan",
        "user_gender": "female",
        "user_email": "isabelduncan@helixo.com",
        "user_address": "345 Mersereau Court, Crayne, Wisconsin, 2260",
        "is_user_logged": true,
        "user_image": "https://w7.pngwing.com/pngs/282/737/png-transparent-smiley-emoticon-sunglasses-smiley-miscellaneous-face-smiley.png"
    },
    {
        "user_id": "5edfb849cdd6a22c4412dc29",
        "user_first_name": "Marissa",
        "user_last_name": "Ochoa",
        "user_gender": "female",
        "user_email": "marissaochoa@helixo.com",
        "user_address": "347 Riverdale Avenue, Grill, Ohio, 1361",
        "is_user_logged": true,
        "user_image": "https://w7.pngwing.com/pngs/282/737/png-transparent-smiley-emoticon-sunglasses-smiley-miscellaneous-face-smiley.png"
    },
    {
        "user_id": "5edfb84981ee68a98e760940",
        "user_first_name": "Veronica",
        "user_last_name": "Arnold",
        "user_gender": "female",
        "user_email": "veronicaarnold@helixo.com",
        "user_address": "750 Sharon Street, Kaka, Texas, 3826",
        "is_user_logged": true,
        "user_image": "https://cdn.pixabay.com/photo/2013/07/18/10/56/smiley-163510_960_720.jpg"
    },
    {
        "user_id": "5edfb849c0da9074ea9b2b99",
        "user_first_name": "Stacy",
        "user_last_name": "Mosley",
        "user_gender": "female",
        "user_email": "stacymosley@helixo.com",
        "user_address": "776 Grand Street, Tyhee, District Of Columbia, 9269",
        "is_user_logged": true,
        "user_image": "https://w7.pngwing.com/pngs/282/737/png-transparent-smiley-emoticon-sunglasses-smiley-miscellaneous-face-smiley.png"
    },
    {
        "user_id": "5edfb849083e680297e9982c",
        "user_first_name": "Knapp",
        "user_last_name": "Bernard",
        "user_gender": "male",
        "user_email": "knappbernard@helixo.com",
        "user_address": "959 Vandervoort Place, Kerby, Illinois, 2268",
        "is_user_logged": true,
        "user_image": "https://w7.pngwing.com/pngs/282/737/png-transparent-smiley-emoticon-sunglasses-smiley-miscellaneous-face-smiley.png"
    },
    {
        "user_id": "5edfb8494dbb0a22397bbad9",
        "user_first_name": "Kelley",
        "user_last_name": "Drake",
        "user_gender": "male",
        "user_email": "kelleydrake@helixo.com",
        "user_address": "150 Madeline Court, Hall, Connecticut, 7805",
        "is_user_logged": true,
        "user_image": "https://cdn.pixabay.com/photo/2013/07/18/10/56/smiley-163510_960_720.jpg"
    },
    {
        "user_id": "5edfb8496979f295048794f5",
        "user_first_name": "Felecia",
        "user_last_name": "Perkins",
        "user_gender": "female",
        "user_email": "feleciaperkins@helixo.com",
        "user_address": "923 Agate Court, Mansfield, Puerto Rico, 8897",
        "is_user_logged": true,
        "user_image": "https://cdn.pixabay.com/photo/2013/07/18/10/56/smiley-163510_960_720.jpg"
    },
    {
        "user_id": "5edfb8492b8fbf5c65285c17",
        "user_first_name": "Hoffman",
        "user_last_name": "Barnett",
        "user_gender": "male",
        "user_email": "hoffmanbarnett@helixo.com",
        "user_address": "491 Cornelia Street, Alleghenyville, Vermont, 8188",
        "is_user_logged": true,
        "user_image": "https://cdn.pixabay.com/photo/2013/07/18/10/56/smiley-163510_960_720.jpg"
    },
    {
        "user_id": "5edfb8493618d8ff51988a8e",
        "user_first_name": "Reese",
        "user_last_name": "Walker",
        "user_gender": "male",
        "user_email": "reesewalker@helixo.com",
        "user_address": "634 Amber Street, Celeryville, Rhode Island, 6993",
        "is_user_logged": true,
        "user_image": "https://cdn.pixabay.com/photo/2013/07/18/10/56/smiley-163510_960_720.jpg"
    },
    {
        "user_id": "5edfb84938e79900bdda3a84",
        "user_first_name": "Burgess",
        "user_last_name": "Crane",
        "user_gender": "male",
        "user_email": "burgesscrane@helixo.com",
        "user_address": "208 Locust Avenue, Chilton, New Jersey, 7597",
        "is_user_logged": true,
        "user_image": "https://i.pinimg.com/originals/23/83/b8/2383b8c0a126d1d6e45c69e1f1d8c835.png"
    },
    {
        "user_id": "5edfb8492d3dc23a65ae93e3",
        "user_first_name": "Frederick",
        "user_last_name": "Torres",
        "user_gender": "male",
        "user_email": "fredericktorres@helixo.com",
        "user_address": "592 Pleasant Place, Babb, Nebraska, 9775",
        "is_user_logged": true,
        "user_image": "https://cdn.pixabay.com/photo/2013/07/18/10/56/smiley-163510_960_720.jpg"
    },
    {
        "user_id": "5edfb84961b10bbf0bf1f49a",
        "user_first_name": "Phoebe",
        "user_last_name": "Booker",
        "user_gender": "female",
        "user_email": "phoebebooker@helixo.com",
        "user_address": "607 Aurelia Court, Reinerton, New Hampshire, 1080",
        "is_user_logged": true,
        "user_image": "https://cdn.pixabay.com/photo/2013/07/18/10/56/smiley-163510_960_720.jpg"
    },
    {
        "user_id": "5edfb8496ebe9d7f9c357267",
        "user_first_name": "Tommie",
        "user_last_name": "Richmond",
        "user_gender": "female",
        "user_email": "tommierichmond@helixo.com",
        "user_address": "610 Friel Place, Wilmington, Utah, 4312",
        "is_user_logged": true,
        "user_image": "https://cdn.pixabay.com/photo/2013/07/18/10/56/smiley-163510_960_720.jpg"
    },
    {
        "user_id": "5edfb849f0804cb09bee5c09",
        "user_first_name": "Loretta",
        "user_last_name": "Floyd",
        "user_gender": "female",
        "user_email": "lorettafloyd@helixo.com",
        "user_address": "758 Imlay Street, Kraemer, Oklahoma, 6886",
        "is_user_logged": true,
        "user_image": "https://cdn.pixabay.com/photo/2013/07/18/10/56/smiley-163510_960_720.jpg"
    },
    {
        "user_id": "5edfb849bb59f99961f48a48",
        "user_first_name": "Melendez",
        "user_last_name": "Oconnor",
        "user_gender": "male",
        "user_email": "melendezoconnor@helixo.com",
        "user_address": "395 Montauk Avenue, Gracey, American Samoa, 9731",
        "is_user_logged": true,
        "user_image": "https://w7.pngwing.com/pngs/282/737/png-transparent-smiley-emoticon-sunglasses-smiley-miscellaneous-face-smiley.png"
    },
    {
        "user_id": "5edfb849aaa565a502b07d0e",
        "user_first_name": "Danielle",
        "user_last_name": "Bradley",
        "user_gender": "female",
        "user_email": "daniellebradley@helixo.com",
        "user_address": "445 Brighton Court, Waterloo, Massachusetts, 3773",
        "is_user_logged": true,
        "user_image": "https://i.pinimg.com/originals/23/83/b8/2383b8c0a126d1d6e45c69e1f1d8c835.png"
    },
    {
        "user_id": "5edfb84996b216565f0cfc29",
        "user_first_name": "Arnold",
        "user_last_name": "Kline",
        "user_gender": "male",
        "user_email": "arnoldkline@helixo.com",
        "user_address": "219 Remsen Street, Chamizal, Arizona, 4350",
        "is_user_logged": true,
        "user_image": "https://w7.pngwing.com/pngs/282/737/png-transparent-smiley-emoticon-sunglasses-smiley-miscellaneous-face-smiley.png"
    },
    {
        "user_id": "5edfb8490d196e72382e5782",
        "user_first_name": "Martina",
        "user_last_name": "Macias",
        "user_gender": "female",
        "user_email": "martinamacias@helixo.com",
        "user_address": "631 Benson Avenue, Ballico, South Carolina, 8611",
        "is_user_logged": true,
        "user_image": "https://i.pinimg.com/originals/23/83/b8/2383b8c0a126d1d6e45c69e1f1d8c835.png"
    },
    {
        "user_id": "5edfb849e12c758df6954c90",
        "user_first_name": "Eula",
        "user_last_name": "Kaufman",
        "user_gender": "female",
        "user_email": "eulakaufman@helixo.com",
        "user_address": "141 Fulton Street, Richford, West Virginia, 2106",
        "is_user_logged": true,
        "user_image": "https://i.pinimg.com/originals/23/83/b8/2383b8c0a126d1d6e45c69e1f1d8c835.png"
    },
    {
        "user_id": "5edfb849c2864a19bc979291",
        "user_first_name": "Rhonda",
        "user_last_name": "Wyatt",
        "user_gender": "female",
        "user_email": "rhondawyatt@helixo.com",
        "user_address": "385 Beach Place, Vandiver, Montana, 4665",
        "is_user_logged": true,
        "user_image": "https://i.pinimg.com/originals/23/83/b8/2383b8c0a126d1d6e45c69e1f1d8c835.png"
    },
    {
        "user_id": "5edfb849af01edfae6ce4d92",
        "user_first_name": "Karyn",
        "user_last_name": "Buckner",
        "user_gender": "female",
        "user_email": "karynbuckner@helixo.com",
        "user_address": "178 Will Place, Bridgetown, Pennsylvania, 2397",
        "is_user_logged": true,
        "user_image": "https://w7.pngwing.com/pngs/282/737/png-transparent-smiley-emoticon-sunglasses-smiley-miscellaneous-face-smiley.png"
    }
]